gender,NationalITy,PlaceofBirth,StageID,GradeID,SectionID,Topic,Semester,Relation,raisedhands,VisITedResources,AnnouncementsView,Discussion,ParentAnsweringSurvey,ParentschoolSatisfaction,StudentAbsenceDays,Class
M,KW,KW,MiddleSchool,G-08,B,Spanish,S,Father,75,65,47,28,Yes,Good,Under-7,H
M,Iraq,Iraq,HighSchool,G-10,A,Spanish,S,Father,46,63,32,74,No,Good,Under-7,M
M,KW,KW,MiddleSchool,G-08,B,Biology,F,Mum,60,58,55,33,Yes,Good,Under-7,H
M,KW,KW,MiddleSchool,G-06,A,Spanish,S,Father,0,53,15,58,No,Bad,Above-7,L
F,Jordan,Jordan,lowerlevel,G-05,C,Biology,F,Father,45,75,43,39,No,Good,Under-7,M
M,SaudiArabia,SaudiArabia,MiddleSchool,G-07,A,Arabic,F,Father,5,0,13,20,No,Bad,Above-7,L
F,Jordan,Jordan,MiddleSchool,G-08,A,Geology,S,Father,39,54,0,28,No,Good,Under-7,M
F,Lybia,Lybia,lowerlevel,G-04,B,IT,F,Mum,72,72,53,56,Yes,Good,Under-7,H
M,lebanon,lebanon,HighSchool,G-10,B,Biology,F,Mum,69,70,49,64,Yes,Good,Under-7,H
F,Jordan,Jordan,MiddleSchool,G-08,A,Biology,F,Father,28,87,63,64,No,Good,Under-7,M
M,Jordan,Jordan,HighSchool,G-10,C,English,F,Father,53,73,40,52,No,Good,Under-7,M
M,Jordan,Jordan,MiddleSchool,G-06,C,French,F,Mum,34,21,65,52,No,Good,Under-7,M
M,KW,KW,MiddleSchool,G-08,B,Chemistry,S,Father,69,69,63,46,Yes,Good,Under-7,H
F,KW,KW,MiddleSchool,G-06,A,English,F,Father,26,30,21,0,No,Bad,Above-7,L
F,KW,KW,MiddleSchool,G-06,A,Arabic,S,Father,46,51,39,57,Yes,Good,Under-7,M
M,Jordan,Jordan,lowerlevel,G-05,C,French,S,Father,53,94,81,37,Yes,Good,Under-7,H
M,KW,KW,lowerlevel,G-02,C,IT,S,Father,3,23,1,12,No,Bad,Above-7,L
F,KW,KW,HighSchool,G-09,A,Spanish,S,Father,0,25,4,37,No,Bad,Above-7,L
F,KW,KW,lowerlevel,G-02,A,Quran,F,Father,50,65,13,27,Yes,Good,Under-7,M
M,Jordan,Jordan,lowerlevel,G-02,A,History,S,Father,27,31,61,29,No,Good,Under-7,M
M,KW,KW,HighSchool,G-09,B,Science,S,Father,55,98,28,41,Yes,Good,Under-7,M
M,KW,KW,MiddleSchool,G-06,A,Biology,S,Mum,92,100,69,73,Yes,Good,Under-7,H
M,USA,USA,MiddleSchool,G-08,B,Biology,S,Father,15,30,4,17,No,Bad,Above-7,L
F,KW,KW,MiddleSchool,G-06,B,Math,F,Mum,61,60,41,32,No,Good,Under-7,M
M,KW,KW,MiddleSchool,G-06,C,Biology,F,Mum,12,8,40,48,No,Bad,Above-7,L
F,Jordan,Jordan,lowerlevel,G-02,C,Math,F,Mum,69,74,35,44,No,Good,Under-7,M
F,KW,KW,lowerlevel,G-02,C,Math,S,Mum,47,24,0,7,No,Bad,Above-7,L
M,venzuela,venzuela,HighSchool,G-12,A,Chemistry,F,Mum,52,52,0,67,Yes,Good,Under-7,M
F,USA,USA,lowerlevel,G-02,B,History,S,Father,38,23,22,33,Yes,Good,Under-7,M
M,Jordan,Jordan,MiddleSchool,G-08,C,IT,S,Mum,24,0,35,0,No,Bad,Above-7,L
M,venzuela,venzuela,MiddleSchool,G-07,A,Chemistry,S,Father,82,59,51,32,Yes,Good,Under-7,M
M,Lybia,Lybia,MiddleSchool,G-06,C,History,F,Mum,18,27,43,39,No,Bad,Above-7,L
M,KW,KW,MiddleSchool,G-08,C,English,S,Father,72,88,34,59,No,Good,Under-7,M
M,Jordan,Jordan,lowerlevel,G-05,C,Chemistry,S,Father,48,61,60,68,Yes,Good,Under-7,M
M,Jordan,Jordan,MiddleSchool,G-07,C,Geology,S,Father,57,59,45,38,No,Good,Under-7,M
M,Syria,Syria,MiddleSchool,G-08,B,Chemistry,F,Father,5,20,16,48,No,Bad,Above-7,L
F,KW,KW,MiddleSchool,G-08,A,Biology,F,Father,12,13,20,0,No,Bad,Above-7,L
M,KW,KW,MiddleSchool,G-06,B,Math,F,Father,53,46,62,46,Yes,Good,Under-7,H
M,Iraq,Iraq,HighSchool,G-11,A,Science,S,Father,57,68,77,53,Yes,Good,Under-7,H
F,KW,KW,lowerlevel,G-02,A,Geology,F,Mum,65,36,24,17,No,Good,Under-7,M
M,Jordan,Jordan,lowerlevel,G-05,C,History,F,Father,41,43,15,77,Yes,Good,Under-7,M
F,Palestine,Palestine,MiddleSchool,G-07,A,Math,F,Father,56,89,38,65,No,Good,Under-7,M
M,Jordan,Jordan,lowerlevel,G-05,A,Spanish,S,Father,29,14,8,23,No,Bad,Above-7,L
F,venzuela,venzuela,MiddleSchool,G-07,A,Biology,S,Mum,58,79,52,57,Yes,Good,Under-7,H
M,Palestine,Palestine,MiddleSchool,G-06,C,Spanish,S,Father,17,62,35,45,No,Good,Under-7,M
F,Iraq,Iraq,MiddleSchool,G-06,B,English,S,Mum,44,93,51,26,Yes,Good,Under-7,M
M,Jordan,Jordan,lowerlevel,G-04,B,French,F,Father,74,80,67,72,Yes,Good,Under-7,H
F,KW,KW,HighSchool,G-12,B,Science,F,Father,33,54,69,29,No,Good,Under-7,M
F,Jordan,Jordan,HighSchool,G-09,C,Chemistry,F,Father,72,100,72,81,Yes,Good,Under-7,H
F,Palestine,Palestine,MiddleSchool,G-07,A,Science,S,Mum,38,42,36,45,No,Good,Under-7,M
F,KW,KW,lowerlevel,G-05,B,History,S,Father,100,100,57,50,Yes,Good,Under-7,H
M,Jordan,Jordan,lowerlevel,G-05,B,Geology,S,Father,73,59,71,65,No,Good,Under-7,M
F,Lybia,Lybia,MiddleSchool,G-06,A,Chemistry,S,Father,10,8,4,1,No,Bad,Above-7,L
M,Iraq,Iraq,MiddleSchool,G-07,C,Math,F,Mum,34,65,52,43,No,Good,Under-7,M
F,KW,KW,MiddleSchool,G-06,B,Quran,F,Father,17,36,3,11,No,Bad,Above-7,L
M,KW,KW,HighSchool,G-11,A,Geology,S,Father,13,25,41,42,No,Bad,Above-7,L
F,KW,KW,HighSchool,G-12,A,Spanish,F,Father,50,69,51,62,No,Good,Under-7,M
M,Jordan,Jordan,MiddleSchool,G-07,C,Geology,F,Mum,63,61,53,54,Yes,Good,Under-7,M
M,Jordan,Jordan,MiddleSchool,G-08,B,Math,F,Father,68,67,60,71,Yes,Good,Under-7,H
F,Jordan,Jordan,MiddleSchool,G-07,B,Arabic,S,Mum,74,88,77,71,Yes,Good,Under-7,H
F,Iraq,Iraq,MiddleSchool,G-06,C,Math,F,Mum,29,43,54,39,No,Good,Under-7,M
M,Jordan,Jordan,MiddleSchool,G-07,C,History,S,Mum,35,37,21,55,Yes,Good,Under-7,M
F,SaudiArabia,SaudiArabia,MiddleSchool,G-07,A,Chemistry,S,Mum,4,31,20,13,No,Bad,Above-7,L
M,Jordan,Jordan,lowerlevel,G-05,B,Biology,F,Mum,58,56,27,18,Yes,Good,Under-7,M
F,KW,KW,lowerlevel,G-05,A,English,F,Father,73,47,68,57,Yes,Good,Under-7,H
M,Jordan,Jordan,MiddleSchool,G-06,B,IT,S,Mum,12,28,9,0,No,Bad,Above-7,L
M,SaudiArabia,SaudiArabia,MiddleSchool,G-07,A,Geology,S,Mum,79,50,73,78,Yes,Good,Under-7,H
F,Jordan,Jordan,MiddleSchool,G-06,B,Science,F,Mum,13,29,21,22,No,Bad,Above-7,L
M,KW,KW,lowerlevel,G-02,B,Science,S,Father,59,42,38,21,Yes,Good,Under-7,M
M,KW,KW,MiddleSchool,G-07,C,IT,F,Mum,66,78,77,29,No,Good,Under-7,M
M,Jordan,Jordan,MiddleSchool,G-08,A,Spanish,S,Father,54,49,74,6,No,Good,Under-7,M
F,lebanon,lebanon,lowerlevel,G-02,A,Math,F,Mum,38,41,71,28,Yes,Good,Under-7,M
F,KW,KW,MiddleSchool,G-07,B,English,F,Mum,38,68,58,25,No,Good,Under-7,M
F,Iran,Iran,lowerlevel,G-04,A,IT,F,Father,62,44,24,63,Yes,Good,Under-7,M
M,KW,KW,lowerlevel,G-05,A,IT,S,Father,29,31,45,36,No,Good,Under-7,M
F,Jordan,Jordan,MiddleSchool,G-07,B,Science,F,Father,16,18,14,26,No,Bad,Above-7,L
F,lebanon,lebanon,lowerlevel,G-05,C,Quran,F,Mum,29,21,14,35,No,Bad,Above-7,L
F,KW,KW,lowerlevel,G-05,A,History,F,Father,55,58,48,58,No,Good,Under-7,M
M,KW,KW,MiddleSchool,G-06,C,History,F,Mum,44,58,39,52,No,Good,Under-7,M
M,KW,KW,MiddleSchool,G-07,B,Quran,F,Mum,23,28,43,27,Yes,Good,Under-7,M
M,KW,KW,MiddleSchool,G-07,B,Chemistry,S,Father,31,52,42,56,Yes,Good,Under-7,M
M,Jordan,Jordan,MiddleSchool,G-07,C,IT,S,Mum,13,26,1,44,No,Bad,Above-7,L
M,Jordan,Jordan,MiddleSchool,G-08,C,Biology,F,Mum,45,53,34,53,No,Good,Under-7,M
F,Jordan,Jordan,lowerlevel,G-02,A,Quran,F,Mum,21,16,0,0,No,Bad,Above-7,L
F,Jordan,Jordan,MiddleSchool,G-08,B,History,F,Mum,34,0,5,33,No,Bad,Above-7,L
F,Jordan,Jordan,lowerlevel,G-02,C,Quran,S,Mum,59,45,54,31,No,Good,Under-7,M
F,Palestine,Palestine,HighSchool,G-11,C,Quran,F,Mum,16,8,0,41,No,Bad,Above-7,L
M,Lybia,Lybia,MiddleSchool,G-07,C,Chemistry,S,Mum,58,69,63,17,Yes,Good,Under-7,H
F,Jordan,Jordan,lowerlevel,G-05,B,History,F,Father,73,77,79,45,Yes,Good,Under-7,H
F,KW,KW,lowerlevel,G-02,B,Arabic,F,Father,26,8,36,53,No,Bad,Above-7,L
M,Jordan,Jordan,lowerlevel,G-05,C,Biology,F,Father,37,71,12,32,Yes,Good,Under-7,M
M,Jordan,Jordan,MiddleSchool,G-06,B,Arabic,F,Father,80,68,58,32,Yes,Good,Under-7,H
M,KW,KW,lowerlevel,G-05,C,History,S,Mum,75,81,29,88,Yes,Good,Under-7,H
F,Palestine,Palestine,lowerlevel,G-05,A,Quran,F,Mum,83,100,64,65,Yes,Good,Under-7,H
M,KW,KW,MiddleSchool,G-06,B,Quran,F,Mum,53,63,43,30,Yes,Good,Under-7,M
M,KW,KW,MiddleSchool,G-07,A,History,S,Mum,50,71,46,35,No,Good,Under-7,M
M,KW,KW,MiddleSchool,G-07,A,History,S,Father,35,77,50,24,No,Good,Under-7,M
M,Jordan,Jordan,lowerlevel,G-05,B,History,S,Mum,28,11,6,29,No,Bad,Above-7,L
F,Morocco,Morocco,MiddleSchool,G-08,C,Spanish,F,Mum,50,65,21,45,Yes,Good,Under-7,M
F,Syria,Syria,lowerlevel,G-02,C,Science,S,Father,44,74,48,24,No,Good,Under-7,M
M,Iran,Iran,HighSchool,G-10,A,History,S,Father,69,79,51,60,Yes,Good,Under-7,H
M,Jordan,Jordan,lowerlevel,G-04,C,Quran,F,Father,64,72,84,75,Yes,Good,Under-7,H
M,KW,KW,lowerlevel,G-05,C,Science,S,Father,0,23,30,31,No,Bad,Above-7,L
M,Morocco,Morocco,MiddleSchool,G-07,A,French,S,Father,40,30,45,25,Yes,Good,Under-7,M
M,Jordan,Jordan,lowerlevel,G-02,B,History,F,Mum,0,39,0,1,No,Bad,Above-7,L
F,lebanon,lebanon,MiddleSchool,G-07,A,English,S,Mum,68,80,49,56,Yes,Good,Under-7,H
M,Iran,Iran,lowerlevel,G-04,A,English,F,Father,69,54,41,14,No,Good,Under-7,M
M,KW,KW,lowerlevel,G-05,C,Quran,S,Mum,62,44,39,45,Yes,Good,Under-7,H
M,Palestine,Palestine,MiddleSchool,G-08,C,Science,F,Mum,47,72,66,54,Yes,Good,Under-7,M
F,Jordan,Jordan,lowerlevel,G-04,B,Math,S,Father,20,7,26,24,No,Bad,Above-7,L
M,Jordan,Jordan,MiddleSchool,G-07,A,Math,F,Father,84,100,61,32,Yes,Good,Under-7,H
M,KW,KW,MiddleSchool,G-07,B,Arabic,F,Mum,88,67,56,68,Yes,Good,Under-7,H
M,Jordan,Jordan,lowerlevel,G-04,B,French,F,Father,61,79,59,37,Yes,Good,Under-7,H
M,KW,KW,MiddleSchool,G-07,A,IT,S,Father,57,85,47,55,No,Good,Under-7,M
F,Iraq,Iraq,MiddleSchool,G-06,A,Geology,S,Father,32,69,64,33,Yes,Good,Under-7,H
F,KW,KW,MiddleSchool,G-08,A,Chemistry,S,Father,50,81,38,28,No,Good,Under-7,M
M,Palestine,Palestine,MiddleSchool,G-06,B,History,F,Mum,17,14,26,30,No,Bad,Above-7,L
M,Jordan,Jordan,lowerlevel,G-04,C,Arabic,S,Father,36,61,19,21,Yes,Good,Under-7,M
M,Palestine,Palestine,lowerlevel,G-02,B,English,S,Mum,60,71,32,37,No,Good,Under-7,M
F,KW,KW,MiddleSchool,G-06,B,Spanish,S,Mum,0,43,0,21,No,Bad,Above-7,L
F,Jordan,Jordan,lowerlevel,G-05,C,Geology,S,Father,69,56,82,52,Yes,Good,Under-7,H
M,Syria,Syria,MiddleSchool,G-06,A,Math,F,Mum,93,77,14,37,Yes,Good,Under-7,M
M,Jordan,Jordan,MiddleSchool,G-06,C,Math,F,Mum,70,87,57,88,Yes,Good,Under-7,H
M,SaudiArabia,SaudiArabia,lowerlevel,G-05,A,Science,F,Father,62,71,49,52,No,Good,Under-7,M
F,KW,KW,MiddleSchool,G-06,B,IT,S,Mum,67,54,64,23,Yes,Good,Under-7,M
F,KW,KW,MiddleSchool,G-06,A,Quran,F,Father,0,33,0,25,No,Bad,Above-7,L
F,KW,KW,lowerlevel,G-02,A,Arabic,S,Father,62,60,32,54,No,Good,Under-7,M
F,Palestine,Palestine,lowerlevel,G-04,A,History,F,Father,62,48,24,31,Yes,Good,Under-7,M
F,Iraq,Iraq,HighSchool,G-10,B,IT,S,Mum,91,77,49,40,Yes,Good,Under-7,H
F,Jordan,Jordan,MiddleSchool,G-06,A,French,S,Father,0,25,0,37,No,Bad,Above-7,L
F,SaudiArabia,SaudiArabia,MiddleSchool,G-07,C,Quran,S,Mum,71,46,28,50,No,Good,Under-7,M
M,Jordan,Jordan,MiddleSchool,G-08,C,Spanish,F,Mum,68,73,41,59,No,Good,Under-7,M
F,Jordan,Jordan,MiddleSchool,G-08,C,Chemistry,S,Mum,45,61,55,41,Yes,Good,Under-7,M
F,KW,KW,MiddleSchool,G-06,B,History,S,Mum,55,44,41,30,No,Good,Under-7,M
M,Palestine,Palestine,MiddleSchool,G-06,B,Spanish,S,Mum,65,65,39,13,Yes,Good,Under-7,H
M,Jordan,Jordan,lowerlevel,G-02,A,Arabic,F,Father,80,70,43,29,Yes,Good,Under-7,H
F,SaudiArabia,SaudiArabia,MiddleSchool,G-06,A,French,S,Mum,73,0,10,10,No,Bad,Above-7,L
F,Palestine,Palestine,HighSchool,G-12,A,Spanish,F,Mum,67,84,55,89,Yes,Good,Under-7,H
F,KW,KW,lowerlevel,G-04,B,Arabic,S,Mum,28,84,39,4,Yes,Good,Under-7,M
M,Jordan,Jordan,lowerlevel,G-04,C,Science,S,Mum,62,67,65,57,Yes,Good,Under-7,H
M,Palestine,Palestine,lowerlevel,G-05,C,French,F,Mum,35,66,31,49,No,Good,Under-7,M
F,Iraq,Iraq,lowerlevel,G-04,B,History,S,Mum,73,56,66,65,Yes,Good,Under-7,H
F,Jordan,Jordan,MiddleSchool,G-06,B,History,F,Father,31,41,19,28,No,Good,Under-7,M
M,Iran,Iran,MiddleSchool,G-06,B,IT,S,Father,34,0,13,54,No,Bad,Above-7,L
M,KW,KW,lowerlevel,G-04,C,Spanish,F,Father,41,43,54,39,No,Good,Under-7,M
M,KW,KW,lowerlevel,G-05,A,Quran,S,Father,66,94,65,56,Yes,Good,Under-7,H
F,KW,KW,lowerlevel,G-05,C,Geology,F,Father,34,67,30,33,No,Good,Under-7,M
F,KW,KW,MiddleSchool,G-06,B,Math,F,Father,68,82,61,60,No,Good,Under-7,M
F,KW,KW,MiddleSchool,G-06,C,Chemistry,S,Father,44,79,49,40,Yes,Good,Under-7,H
M,Morocco,Morocco,MiddleSchool,G-08,C,Arabic,F,Mum,0,12,35,31,No,Bad,Above-7,L
F,venzuela,venzuela,lowerlevel,G-05,A,Biology,S,Father,76,62,26,67,Yes,Good,Under-7,M
M,Jordan,Jordan,lowerlevel,G-05,B,Quran,S,Father,62,57,38,54,No,Good,Under-7,M
F,Jordan,Jordan,MiddleSchool,G-08,A,Chemistry,S,Father,18,40,71,59,Yes,Good,Under-7,M
M,KW,KW,MiddleSchool,G-08,C,Geology,F,Father,75,100,67,36,Yes,Good,Under-7,H
M,USA,USA,HighSchool,G-11,C,History,S,Father,35,73,33,81,Yes,Good,Under-7,M
M,Tunis,Tunis,MiddleSchool,G-08,C,Arabic,F,Father,72,62,46,71,Yes,Good,Under-7,H
M,Jordan,Jordan,lowerlevel,G-02,C,Quran,F,Father,85,65,0,41,Yes,Good,Under-7,M
F,KW,KW,lowerlevel,G-04,B,Chemistry,S,Father,45,58,50,43,No,Good,Under-7,M
F,KW,KW,HighSchool,G-11,A,IT,S,Father,65,59,3,44,Yes,Good,Under-7,M
M,Iraq,Iraq,MiddleSchool,G-08,A,Geology,F,Father,52,70,35,16,No,Good,Under-7,M
M,Iraq,Iraq,lowerlevel,G-05,C,Spanish,S,Mum,41,41,55,47,Yes,Good,Under-7,M
M,Morocco,Morocco,lowerlevel,G-02,A,History,F,Father,58,37,53,5,No,Good,Under-7,M
M,Tunis,Tunis,MiddleSchool,G-08,C,Spanish,F,Mum,42,62,52,45,Yes,Good,Under-7,H
M,KW,KW,lowerlevel,G-05,C,IT,F,Father,35,21,14,21,No,Bad,Above-7,L
F,Palestine,Palestine,MiddleSchool,G-08,A,English,S,Father,0,20,25,30,No,Bad,Above-7,L
F,Tunis,Tunis,lowerlevel,G-02,A,History,S,Mum,2,0,34,20,No,Bad,Above-7,L
M,KW,KW,lowerlevel,G-05,B,History,S,Father,37,67,20,50,No,Good,Under-7,M
M,Palestine,Palestine,lowerlevel,G-02,C,History,S,Father,17,0,29,34,No,Bad,Above-7,L
M,venzuela,venzuela,MiddleSchool,G-08,B,English,S,Father,50,81,51,81,No,Good,Under-7,M
M,Jordan,Jordan,lowerlevel,G-04,C,Quran,S,Father,100,100,50,59,Yes,Good,Under-7,H
F,Jordan,Jordan,HighSchool,G-10,B,IT,S,Father,46,41,27,29,No,Good,Under-7,M
M,Jordan,Jordan,MiddleSchool,G-07,B,Quran,S,Mum,56,66,52,35,Yes,Good,Under-7,H
F,KW,KW,MiddleSchool,G-06,A,Chemistry,S,Mum,63,97,52,78,Yes,Good,Under-7,H
M,Jordan,Jordan,MiddleSchool,G-08,A,Arabic,S,Father,10,19,7,36,No,Bad,Above-7,L
M,KW,KW,HighSchool,G-12,A,Geology,S,Mum,10,2,21,27,No,Bad,Above-7,L
M,KW,KW,MiddleSchool,G-08,A,English,F,Father,13,61,42,36,No,Good,Under-7,M
M,Jordan,Jordan,MiddleSchool,G-08,B,Math,F,Mum,0,65,0,19,No,Bad,Above-7,L
M,KW,KW,lowerlevel,G-04,A,Spanish,F,Father,68,51,33,48,No,Good,Under-7,M
M,Tunis,Tunis,MiddleSchool,G-06,A,English,F,Father,43,81,48,47,No,Good,Under-7,M
F,KW,KW,MiddleSchool,G-07,C,French,F,Mum,59,100,68,75,Yes,Good,Under-7,H
M,Jordan,Jordan,MiddleSchool,G-08,C,Arabic,F,Father,75,55,18,9,Yes,Good,Under-7,M
M,KW,KW,lowerlevel,G-04,B,Quran,S,Father,66,91,61,79,Yes,Good,Under-7,H
M,Jordan,Jordan,MiddleSchool,G-07,C,Geology,S,Father,49,57,27,69,No,Good,Under-7,M
M,KW,KW,MiddleSchool,G-06,A,Math,S,Father,68,49,30,47,Yes,Good,Under-7,M
M,KW,KW,lowerlevel,G-05,A,Geology,F,Father,9,37,23,32,No,Bad,Above-7,L
F,KW,KW,MiddleSchool,G-06,C,Arabic,F,Father,75,63,41,40,No,Good,Under-7,M
M,Jordan,Jordan,MiddleSchool,G-07,C,Biology,F,Father,63,53,53,55,Yes,Good,Under-7,H
M,KW,KW,lowerlevel,G-02,C,Quran,F,Mum,71,81,47,75,Yes,Good,Under-7,M
M,Palestine,Palestine,lowerlevel,G-04,B,English,S,Father,53,78,56,48,Yes,Good,Under-7,M
F,KW,KW,MiddleSchool,G-07,B,History,S,Father,51,82,50,59,Yes,Good,Under-7,H
F,KW,KW,lowerlevel,G-02,B,Math,S,Mum,33,100,62,86,Yes,Good,Under-7,H
M,Jordan,Jordan,lowerlevel,G-05,A,History,F,Father,42,66,24,22,Yes,Good,Under-7,M
F,SaudiArabia,SaudiArabia,HighSchool,G-10,B,Chemistry,F,Mum,56,59,86,78,Yes,Good,Under-7,H
M,KW,KW,lowerlevel,G-02,B,English,F,Mum,33,25,9,41,No,Bad,Above-7,L
F,USA,USA,lowerlevel,G-04,B,Geology,S,Father,31,19,41,8,No,Bad,Above-7,L
F,KW,KW,MiddleSchool,G-08,A,French,F,Mum,40,96,78,57,Yes,Good,Under-7,H
M,KW,KW,HighSchool,G-11,C,Spanish,S,Mum,12,3,0,0,No,Bad,Above-7,L
M,Jordan,Jordan,MiddleSchool,G-06,A,English,S,Mum,34,73,62,53,No,Good,Under-7,M
M,Jordan,Jordan,MiddleSchool,G-08,A,French,F,Father,65,36,33,35,No,Good,Under-7,M
F,KW,KW,lowerlevel,G-04,A,IT,S,Father,63,50,64,71,No,Good,Under-7,M
F,venzuela,venzuela,lowerlevel,G-05,A,Quran,F,Mum,37,67,65,49,No,Good,Under-7,M
F,KW,KW,MiddleSchool,G-07,C,IT,F,Mum,74,59,41,2,Yes,Good,Under-7,H
M,KW,KW,MiddleSchool,G-07,B,Arabic,S,Father,59,66,97,50,Yes,Good,Under-7,H
M,KW,KW,MiddleSchool,G-08,A,Math,F,Mum,66,80,41,33,Yes,Good,Under-7,M
F,Iraq,Iraq,HighSchool,G-10,B,Biology,F,Father,65,72,59,52,Yes,Good,Under-7,H
M,Lybia,Lybia,lowerlevel,G-04,B,English,S,Mum,59,100,60,23,Yes,Good,Under-7,H
M,Iraq,Iraq,MiddleSchool,G-06,C,IT,S,Mum,15,19,45,39,No,Bad,Above-7,L
F,USA,USA,lowerlevel,G-04,A,Geology,S,Father,38,70,35,55,Yes,Good,Under-7,M
M,Tunis,Tunis,MiddleSchool,G-06,A,Science,S,Mum,25,0,11,30,No,Bad,Above-7,L
F,Egypt,Egypt,MiddleSchool,G-06,C,Quran,S,Mum,31,69,47,10,Yes,Good,Under-7,M
F,Iran,Iran,lowerlevel,G-05,C,IT,F,Mum,20,27,12,17,No,Bad,Above-7,L
M,Jordan,Jordan,lowerlevel,G-02,C,Math,S,Father,89,70,62,72,Yes,Good,Under-7,H
M,Egypt,Egypt,lowerlevel,G-02,C,Quran,F,Mum,36,2,23,35,No,Bad,Above-7,L
F,SaudiArabia,SaudiArabia,HighSchool,G-10,C,French,S,Father,40,72,51,62,Yes,Good,Under-7,M
M,Palestine,Palestine,MiddleSchool,G-07,C,Math,S,Father,62,80,70,25,Yes,Good,Under-7,M
M,KW,KW,lowerlevel,G-02,B,Arabic,F,Mum,54,68,60,60,Yes,Good,Under-7,H
M,KW,KW,MiddleSchool,G-06,A,Arabic,F,Mum,73,63,40,54,Yes,Good,Under-7,H
F,Jordan,Jordan,MiddleSchool,G-08,B,History,F,Mum,93,60,65,48,Yes,Good,Under-7,H
F,Palestine,Palestine,lowerlevel,G-02,B,Quran,F,Father,53,72,72,49,Yes,Good,Under-7,H
M,KW,KW,MiddleSchool,G-08,A,Quran,S,Father,0,29,6,29,No,Bad,Above-7,L
M,Iraq,Iraq,MiddleSchool,G-08,B,Chemistry,S,Mum,47,68,44,4,No,Good,Under-7,M
F,Palestine,Palestine,MiddleSchool,G-07,C,Spanish,S,Father,0,5,33,5,No,Bad,Above-7,L
M,KW,KW,MiddleSchool,G-07,B,History,S,Father,60,74,80,74,Yes,Good,Under-7,H
F,Jordan,Jordan,MiddleSchool,G-08,C,Science,F,Mum,64,58,30,5,No,Good,Under-7,M
M,KW,KW,lowerlevel,G-05,B,Arabic,S,Father,73,70,74,37,Yes,Good,Under-7,H
M,KW,KW,MiddleSchool,G-08,C,English,F,Father,28,54,50,57,No,Good,Under-7,M
F,KW,KW,lowerlevel,G-02,B,Geology,S,Mum,21,25,6,2,No,Bad,Above-7,L
M,Jordan,Jordan,lowerlevel,G-02,A,Arabic,F,Mum,0,37,19,0,No,Bad,Above-7,L
F,Jordan,Jordan,MiddleSchool,G-06,A,Geology,F,Father,48,62,54,54,Yes,Good,Under-7,M
F,KW,KW,lowerlevel,G-04,C,French,F,Mum,62,100,51,17,Yes,Good,Under-7,H
F,KW,KW,lowerlevel,G-04,C,Geology,F,Father,61,30,49,41,Yes,Good,Under-7,M
M,KW,KW,MiddleSchool,G-06,A,English,S,Mum,25,32,9,4,No,Bad,Above-7,L
F,Jordan,Jordan,MiddleSchool,G-06,C,French,F,Father,22,27,8,0,No,Bad,Above-7,L
F,Egypt,Egypt,HighSchool,G-12,A,English,S,Father,59,71,28,37,Yes,Good,Under-7,M
M,Tunis,Tunis,MiddleSchool,G-07,A,Quran,F,Father,28,67,50,58,No,Good,Under-7,M
M,Palestine,Palestine,lowerlevel,G-02,B,Math,F,Father,40,32,57,41,No,Good,Under-7,M
M,Syria,Syria,HighSchool,G-12,A,Science,F,Mum,32,88,34,51,Yes,Good,Under-7,M
M,KW,KW,MiddleSchool,G-07,C,Arabic,S,Father,73,69,46,81,Yes,Good,Under-7,H
F,Jordan,Jordan,MiddleSchool,G-06,A,Arabic,F,Father,69,100,51,51,Yes,Good,Under-7,H
F,KW,KW,MiddleSchool,G-08,C,English,F,Mum,49,59,59,56,Yes,Good,Under-7,M
M,Jordan,Jordan,HighSchool,G-10,B,French,F,Mum,12,0,20,28,No,Bad,Above-7,L
F,KW,KW,lowerlevel,G-04,B,Geology,F,Father,49,61,42,49,Yes,Good,Under-7,M
M,Jordan,Jordan,lowerlevel,G-04,A,Quran,S,Father,61,54,40,70,Yes,Good,Under-7,H
M,KW,KW,lowerlevel,G-04,C,Biology,F,Mum,5,13,24,22,No,Bad,Above-7,L
M,Jordan,Jordan,MiddleSchool,G-06,A,Geology,S,Father,33,18,30,44,Yes,Good,Under-7,M
F,KW,KW,MiddleSchool,G-06,A,Spanish,S,Father,14,18,38,39,No,Bad,Above-7,L
M,KW,KW,MiddleSchool,G-08,A,Quran,S,Father,34,89,53,39,Yes,Good,Under-7,M
F,lebanon,lebanon,MiddleSchool,G-07,B,Biology,F,Mum,49,35,53,29,No,Good,Under-7,M
F,KW,KW,MiddleSchool,G-08,B,Biology,F,Father,18,0,21,31,No,Bad,Above-7,L
M,Jordan,Jordan,lowerlevel,G-04,B,Science,S,Father,60,49,29,47,Yes,Good,Under-7,M
F,Tunis,Tunis,lowerlevel,G-04,A,Math,S,Mum,23,37,22,31,No,Bad,Above-7,L
M,Iran,Iran,MiddleSchool,G-08,B,History,F,Mum,40,44,27,35,No,Good,Under-7,M
F,Palestine,Palestine,HighSchool,G-12,B,Science,F,Father,60,66,37,69,Yes,Good,Under-7,H
M,KW,KW,lowerlevel,G-04,C,French,S,Mum,37,61,69,43,Yes,Good,Under-7,H
M,Palestine,Palestine,MiddleSchool,G-06,A,English,S,Father,74,69,43,60,Yes,Good,Under-7,H
F,KW,KW,lowerlevel,G-04,B,Chemistry,S,Father,68,75,81,45,Yes,Good,Under-7,H
M,Egypt,Egypt,lowerlevel,G-04,A,Science,F,Father,78,67,54,52,Yes,Good,Under-7,H
F,Jordan,Jordan,lowerlevel,G-04,C,Geology,F,Father,48,90,72,67,Yes,Good,Under-7,H
F,Palestine,Palestine,MiddleSchool,G-06,A,Geology,F,Father,67,50,34,41,Yes,Good,Under-7,H
M,Jordan,Jordan,HighSchool,G-09,C,English,F,Father,25,10,5,22,No,Bad,Above-7,L
F,USA,USA,lowerlevel,G-04,A,Arabic,S,Father,40,38,18,36,No,Good,Under-7,M
M,Jordan,Jordan,lowerlevel,G-02,C,History,F,Father,79,32,56,23,Yes,Good,Under-7,M
M,KW,KW,lowerlevel,G-05,C,Arabic,F,Father,42,39,1,46,No,Bad,Above-7,L
M,KW,KW,MiddleSchool,G-08,C,English,S,Mum,67,66,57,61,Yes,Good,Under-7,H
M,USA,USA,lowerlevel,G-05,A,Science,F,Father,3,10,10,20,No,Bad,Above-7,L
F,Lybia,Lybia,lowerlevel,G-04,A,Chemistry,F,Father,44,84,42,24,Yes,Good,Under-7,M
F,Jordan,Jordan,lowerlevel,G-02,B,Spanish,S,Father,59,61,39,50,No,Good,Under-7,M
F,KW,KW,lowerlevel,G-05,A,IT,F,Father,42,83,43,69,Yes,Good,Under-7,M
M,Jordan,Jordan,HighSchool,G-09,A,French,S,Mum,52,54,59,20,Yes,Good,Under-7,H
M,KW,KW,lowerlevel,G-02,A,Arabic,S,Mum,65,74,30,50,Yes,Good,Under-7,H
F,KW,KW,lowerlevel,G-02,B,IT,S,Mum,43,45,70,38,Yes,Good,Under-7,M
F,Morocco,Morocco,MiddleSchool,G-08,B,IT,F,Father,0,3,52,29,No,Bad,Above-7,L
M,Jordan,Jordan,lowerlevel,G-04,C,French,F,Mum,46,72,63,73,Yes,Good,Under-7,H
F,KW,KW,lowerlevel,G-05,B,Chemistry,F,Father,59,30,63,9,Yes,Good,Under-7,M
F,Palestine,Palestine,lowerlevel,G-04,A,Science,S,Father,25,48,50,40,Yes,Good,Under-7,M
M,KW,KW,MiddleSchool,G-06,B,Math,S,Mum,52,82,59,59,Yes,Good,Under-7,H
M,KW,KW,MiddleSchool,G-08,C,IT,S,Mum,19,0,20,29,No,Bad,Above-7,L
M,SaudiArabia,SaudiArabia,lowerlevel,G-05,A,Arabic,F,Father,39,63,49,39,Yes,Good,Under-7,M
F,Lybia,Lybia,MiddleSchool,G-07,C,English,F,Father,10,19,32,27,No,Bad,Above-7,L
F,Tunis,Tunis,lowerlevel,G-04,B,Math,S,Mum,23,30,15,0,No,Bad,Above-7,L
F,KW,KW,MiddleSchool,G-06,A,Arabic,S,Mum,46,72,16,44,Yes,Good,Under-7,M
F,Jordan,Jordan,lowerlevel,G-02,C,Spanish,S,Father,70,95,55,32,Yes,Good,Under-7,H
M,Iraq,Iraq,MiddleSchool,G-07,B,French,F,Father,38,71,19,74,No,Good,Under-7,M
M,Jordan,Jordan,MiddleSchool,G-08,A,Biology,S,Father,21,35,33,9,No,Bad,Above-7,L
M,Jordan,Jordan,lowerlevel,G-05,A,Geology,S,Mum,74,72,35,77,Yes,Good,Under-7,H
M,Jordan,Jordan,MiddleSchool,G-06,C,Arabic,S,Father,20,0,7,28,No,Bad,Above-7,L
M,Egypt,Egypt,HighSchool,G-10,B,IT,F,Mum,16,0,16,33,No,Bad,Above-7,L
F,KW,KW,MiddleSchool,G-07,B,Science,S,Mum,11,44,0,30,No,Bad,Above-7,L
M,venzuela,venzuela,MiddleSchool,G-08,B,Chemistry,S,Mum,23,88,21,48,Yes,Good,Under-7,M
M,Iraq,Iraq,lowerlevel,G-04,B,Science,F,Mum,75,100,60,33,Yes,Good,Under-7,H
M,Jordan,Jordan,MiddleSchool,G-07,A,History,S,Mum,41,41,44,68,Yes,Good,Under-7,M
M,Jordan,Jordan,lowerlevel,G-05,B,Chemistry,S,Father,0,6,12,14,No,Bad,Above-7,L
F,venzuela,venzuela,MiddleSchool,G-08,B,Spanish,S,Father,38,75,5,46,Yes,Good,Under-7,M
F,Iraq,Iraq,lowerlevel,G-05,C,Spanish,S,Father,43,71,36,32,Yes,Good,Under-7,M
F,KW,KW,lowerlevel,G-02,C,Spanish,F,Father,21,44,0,0,No,Bad,Above-7,L
M,KW,KW,MiddleSchool,G-07,C,Science,F,Mum,33,43,27,53,No,Good,Under-7,M
M,KW,KW,lowerlevel,G-04,A,Arabic,F,Mum,69,43,36,29,No,Good,Under-7,M
M,Jordan,Jordan,MiddleSchool,G-07,A,Chemistry,S,Father,18,39,0,0,No,Bad,Above-7,L
M,Jordan,Jordan,lowerlevel,G-02,A,Chemistry,S,Mum,57,91,54,29,No,Good,Under-7,M
F,Egypt,Egypt,lowerlevel,G-04,C,Math,S,Mum,88,93,59,63,Yes,Good,Under-7,H
M,KW,KW,MiddleSchool,G-07,C,Quran,F,Father,81,83,58,36,Yes,Good,Under-7,H
M,Tunis,Tunis,MiddleSchool,G-08,C,Quran,S,Father,57,48,43,18,No,Good,Under-7,M
M,venzuela,venzuela,MiddleSchool,G-06,A,IT,F,Mum,44,66,28,32,No,Good,Under-7,M
M,KW,KW,lowerlevel,G-02,A,Science,S,Father,0,0,0,15,No,Bad,Above-7,L
F,KW,KW,lowerlevel,G-05,A,IT,S,Father,55,83,24,68,Yes,Good,Under-7,M
M,Jordan,Jordan,HighSchool,G-11,A,Spanish,S,Father,21,13,8,2,No,Bad,Above-7,L
F,Iraq,Iraq,MiddleSchool,G-08,C,Biology,S,Father,38,45,30,68,No,Good,Under-7,M
F,Jordan,Jordan,MiddleSchool,G-08,C,IT,S,Father,47,73,83,68,Yes,Good,Under-7,H
M,Jordan,Jordan,lowerlevel,G-05,B,IT,F,Mum,23,40,5,19,No,Bad,Above-7,L
F,KW,KW,MiddleSchool,G-08,C,Biology,F,Mum,40,93,83,75,Yes,Good,Under-7,H
M,Jordan,Jordan,MiddleSchool,G-07,B,Chemistry,F,Mum,0,19,18,48,No,Bad,Above-7,L
M,KW,KW,MiddleSchool,G-08,B,IT,F,Mum,57,27,41,37,Yes,Good,Under-7,M
M,Iran,Iran,MiddleSchool,G-06,B,French,F,Mum,51,73,62,49,Yes,Good,Under-7,H
M,Jordan,Jordan,MiddleSchool,G-06,B,Geology,S,Father,86,91,43,64,Yes,Good,Under-7,H
F,KW,KW,lowerlevel,G-05,A,Biology,S,Father,74,86,36,61,Yes,Good,Under-7,H
M,KW,KW,MiddleSchool,G-07,C,English,S,Father,66,85,78,41,Yes,Good,Under-7,H
F,Jordan,Jordan,MiddleSchool,G-08,C,English,F,Mum,77,87,66,57,Yes,Good,Under-7,H
M,Jordan,Jordan,lowerlevel,G-04,C,Arabic,S,Father,14,10,21,24,No,Bad,Above-7,L
F,KW,KW,MiddleSchool,G-08,C,History,F,Mum,6,16,3,26,No,Bad,Above-7,L
M,USA,USA,HighSchool,G-11,B,Quran,S,Father,67,46,42,55,Yes,Good,Under-7,M
F,Jordan,Jordan,lowerlevel,G-05,A,Geology,F,Father,59,43,18,37,Yes,Good,Under-7,M
M,Jordan,Jordan,HighSchool,G-11,B,English,S,Mum,55,64,46,11,No,Good,Under-7,M
M,KW,KW,MiddleSchool,G-06,C,History,F,Father,49,48,12,78,No,Good,Under-7,M
F,Jordan,Jordan,lowerlevel,G-02,A,Chemistry,S,Father,51,95,74,61,Yes,Good,Under-7,H
M,Palestine,Palestine,MiddleSchool,G-06,B,Arabic,S,Mum,67,71,48,15,No,Good,Under-7,M
M,KW,KW,lowerlevel,G-04,B,Spanish,F,Mum,66,71,33,58,No,Good,Under-7,M
M,Palestine,Palestine,MiddleSchool,G-08,B,IT,F,Mum,15,22,24,13,No,Bad,Above-7,L
M,KW,KW,MiddleSchool,G-06,A,French,F,Mum,62,57,16,39,No,Good,Under-7,M
M,Jordan,Jordan,MiddleSchool,G-07,B,History,S,Mum,82,79,58,85,Yes,Good,Under-7,H
F,Jordan,Jordan,MiddleSchool,G-07,C,IT,S,Father,86,66,49,81,Yes,Good,Under-7,H
F,Jordan,Jordan,lowerlevel,G-02,A,English,F,Father,60,72,88,37,Yes,Good,Under-7,H
M,Palestine,Palestine,lowerlevel,G-05,A,French,F,Mum,17,25,42,18,No,Bad,Above-7,L
M,Jordan,Jordan,MiddleSchool,G-06,C,Science,S,Father,5,40,14,36,No,Bad,Above-7,L
F,Jordan,Jordan,lowerlevel,G-05,C,IT,S,Mum,28,0,0,0,No,Bad,Above-7,L
F,KW,KW,MiddleSchool,G-07,B,Quran,S,Father,23,11,15,38,No,Bad,Above-7,L
F,USA,USA,lowerlevel,G-04,A,Arabic,F,Mum,60,59,57,16,No,Good,Under-7,M
M,Jordan,Jordan,MiddleSchool,G-08,C,Chemistry,F,Father,41,72,54,15,Yes,Good,Under-7,M
M,Palestine,Palestine,lowerlevel,G-05,A,History,S,Father,37,15,16,33,No,Bad,Above-7,L
M,KW,KW,MiddleSchool,G-07,B,Chemistry,S,Mum,35,88,79,35,Yes,Good,Under-7,H
F,Jordan,Jordan,HighSchool,G-11,A,French,F,Father,60,76,73,58,Yes,Good,Under-7,H
M,Syria,Syria,MiddleSchool,G-07,A,Chemistry,F,Father,45,54,43,16,No,Good,Under-7,M
M,USA,USA,MiddleSchool,G-08,A,Chemistry,F,Father,35,52,19,22,Yes,Good,Under-7,M
F,KW,KW,MiddleSchool,G-08,C,English,S,Father,62,36,32,24,Yes,Good,Under-7,M
F,Jordan,Jordan,lowerlevel,G-05,C,Geology,F,Mum,48,57,54,26,No,Good,Under-7,M
F,KW,KW,lowerlevel,G-04,B,Math,F,Father,35,67,51,42,Yes,Good,Under-7,M
M,KW,KW,lowerlevel,G-02,B,French,S,Father,35,63,62,30,No,Good,Under-7,M
F,Iraq,Iraq,MiddleSchool,G-06,B,Arabic,S,Mum,75,72,52,44,Yes,Good,Under-7,H
M,Iran,Iran,MiddleSchool,G-07,C,Arabic,S,Father,1,0,24,34,No,Bad,Above-7,L
M,Jordan,Jordan,MiddleSchool,G-06,B,Chemistry,S,Father,55,64,62,68,Yes,Good,Under-7,H
M,Jordan,Jordan,HighSchool,G-10,B,French,S,Mum,86,82,67,8,Yes,Good,Under-7,H
M,Tunis,Tunis,lowerlevel,G-02,B,History,S,Father,11,39,34,22,No,Bad,Above-7,L
F,KW,KW,HighSchool,G-10,C,English,F,Mum,24,55,39,32,Yes,Good,Under-7,M
M,Iraq,Iraq,MiddleSchool,G-08,A,Science,S,Father,46,67,36,36,Yes,Good,Under-7,M
F,KW,KW,MiddleSchool,G-07,C,Math,S,Mum,73,64,51,38,Yes,Good,Under-7,M
F,KW,KW,lowerlevel,G-05,B,Biology,F,Father,35,57,63,55,Yes,Good,Under-7,M
F,Morocco,Morocco,MiddleSchool,G-06,B,Quran,F,Father,35,61,44,63,Yes,Good,Under-7,M
F,Jordan,Jordan,lowerlevel,G-02,B,History,S,Mum,57,59,66,44,Yes,Good,Under-7,H
M,Palestine,Palestine,lowerlevel,G-04,A,History,S,Father,76,99,53,76,Yes,Good,Under-7,H
F,Jordan,Jordan,lowerlevel,G-04,C,Biology,F,Mum,35,77,72,51,Yes,Good,Under-7,M
F,Jordan,Jordan,MiddleSchool,G-08,B,English,F,Father,28,25,1,30,No,Bad,Above-7,L
M,lebanon,lebanon,MiddleSchool,G-06,C,Spanish,F,Father,24,18,24,16,No,Bad,Above-7,L
M,Jordan,Jordan,MiddleSchool,G-08,A,History,S,Father,34,24,22,65,No,Good,Under-7,M
F,Morocco,Morocco,lowerlevel,G-05,C,History,F,Father,52,52,50,50,Yes,Good,Under-7,M
M,Jordan,Jordan,lowerlevel,G-02,C,Arabic,S,Mum,29,73,63,61,No,Good,Under-7,M
M,Jordan,Jordan,MiddleSchool,G-06,A,Biology,S,Mum,69,66,82,43,Yes,Good,Under-7,H
F,KW,KW,lowerlevel,G-05,A,Quran,F,Mum,11,7,12,0,No,Bad,Above-7,L
M,KW,KW,lowerlevel,G-02,C,Science,F,Father,38,2,37,0,No,Bad,Above-7,L
F,KW,KW,lowerlevel,G-04,B,English,F,Father,44,70,40,56,Yes,Good,Under-7,M
M,KW,KW,MiddleSchool,G-06,A,Arabic,S,Mum,64,55,85,93,Yes,Good,Under-7,H
F,Tunis,Tunis,MiddleSchool,G-06,A,IT,S,Mum,78,91,79,39,Yes,Good,Under-7,H
F,KW,KW,HighSchool,G-10,B,Geology,F,Mum,25,99,77,10,Yes,Good,Under-7,M
M,Lybia,Lybia,MiddleSchool,G-08,B,Science,F,Mum,61,65,70,79,Yes,Good,Under-7,H
M,Jordan,Jordan,lowerlevel,G-02,C,Spanish,S,Father,41,90,77,74,Yes,Good,Under-7,H
M,KW,KW,MiddleSchool,G-07,C,French,F,Mum,35,60,29,37,Yes,Good,Under-7,M
F,Tunis,Tunis,lowerlevel,G-05,B,Quran,S,Father,73,99,49,70,Yes,Good,Under-7,H
M,Jordan,Jordan,MiddleSchool,G-06,A,French,S,Father,52,78,71,52,Yes,Good,Under-7,M
M,Palestine,Palestine,lowerlevel,G-02,C,French,F,Father,58,95,97,71,Yes,Good,Under-7,H
M,KW,KW,lowerlevel,G-02,C,Math,F,Mum,62,82,61,65,Yes,Good,Under-7,H
M,KW,KW,lowerlevel,G-05,C,Science,F,Father,72,76,61,72,Yes,Good,Under-7,H
F,KW,KW,MiddleSchool,G-08,B,History,S,Mum,44,51,48,75,No,Good,Under-7,M
F,Jordan,Jordan,MiddleSchool,G-08,B,Biology,S,Mum,35,20,0,30,No,Bad,Above-7,L
F,KW,KW,lowerlevel,G-02,C,Chemistry,F,Father,65,78,65,71,Yes,Good,Under-7,H
M,KW,KW,lowerlevel,G-05,C,English,S,Mum,30,62,32,26,No,Good,Under-7,M
M,Jordan,Jordan,lowerlevel,G-04,B,French,F,Father,13,35,0,10,No,Bad,Above-7,L
F,KW,KW,MiddleSchool,G-08,C,Math,S,Mum,25,69,33,43,Yes,Good,Under-7,M
M,KW,KW,MiddleSchool,G-07,C,Arabic,F,Father,69,47,49,28,Yes,Good,Under-7,H
M,Jordan,Jordan,MiddleSchool,G-07,B,Spanish,F,Mum,36,86,85,84,Yes,Good,Under-7,H
M,Tunis,Tunis,MiddleSchool,G-06,A,Math,F,Mum,57,57,19,23,Yes,Good,Under-7,M
M,KW,KW,lowerlevel,G-05,B,Arabic,F,Father,73,81,29,48,Yes,Good,Under-7,H
M,KW,KW,MiddleSchool,G-08,C,Quran,F,Father,9,22,4,20,No,Bad,Above-7,L
M,KW,KW,MiddleSchool,G-07,B,IT,F,Mum,30,47,43,55,No,Good,Under-7,M
M,Jordan,Jordan,MiddleSchool,G-08,A,English,F,Mum,83,79,29,46,No,Good,Under-7,M
M,Palestine,Palestine,MiddleSchool,G-07,A,Biology,S,Father,36,25,0,23,No,Bad,Above-7,L
F,Lybia,Lybia,MiddleSchool,G-06,B,Arabic,F,Father,53,54,43,37,Yes,Good,Under-7,M
M,KW,KW,HighSchool,G-10,A,Geology,S,Mum,29,80,50,45,No,Good,Under-7,M
M,KW,KW,MiddleSchool,G-08,C,Math,S,Mum,35,56,20,17,No,Good,Under-7,M
F,KW,KW,MiddleSchool,G-08,C,French,S,Mum,47,53,49,40,Yes,Good,Under-7,H
M,lebanon,lebanon,lowerlevel,G-02,A,Arabic,F,Father,63,100,76,50,Yes,Good,Under-7,H
M,Jordan,Jordan,MiddleSchool,G-07,C,French,F,Father,1,45,19,15,No,Bad,Above-7,L
F,KW,KW,MiddleSchool,G-07,C,Biology,S,Mum,79,77,63,58,Yes,Good,Under-7,H
F,Egypt,Egypt,MiddleSchool,G-08,B,French,F,Father,55,89,51,60,Yes,Good,Under-7,H
M,Jordan,Jordan,MiddleSchool,G-08,C,Quran,F,Mum,50,92,48,56,Yes,Good,Under-7,M
F,Jordan,Jordan,MiddleSchool,G-08,C,Spanish,F,Father,71,51,42,41,Yes,Good,Under-7,H
M,Jordan,Jordan,MiddleSchool,G-07,C,Biology,F,Mum,24,31,12,41,No,Bad,Above-7,L
M,Jordan,Jordan,MiddleSchool,G-08,B,Science,F,Father,63,78,67,60,Yes,Good,Under-7,H
F,Iran,Iran,lowerlevel,G-05,B,Arabic,S,Mum,3,4,32,36,No,Bad,Above-7,L
M,KW,KW,MiddleSchool,G-07,C,Geology,F,Mum,6,26,27,36,No,Bad,Above-7,L
M,KW,KW,lowerlevel,G-05,C,French,F,Mum,65,72,92,79,Yes,Good,Under-7,H
F,lebanon,lebanon,MiddleSchool,G-07,B,Spanish,F,Father,20,36,17,39,No,Bad,Above-7,L
M,KW,KW,MiddleSchool,G-07,C,Math,F,Mum,70,37,25,63,No,Good,Under-7,M
F,KW,KW,MiddleSchool,G-07,A,Arabic,S,Father,71,55,31,43,No,Good,Under-7,M
M,KW,KW,lowerlevel,G-04,C,Arabic,F,Father,49,69,41,41,Yes,Good,Under-7,M
F,KW,KW,lowerlevel,G-05,A,Science,F,Mum,82,84,43,21,Yes,Good,Under-7,M
F,Palestine,Palestine,MiddleSchool,G-08,B,Spanish,S,Father,21,52,10,58,Yes,Good,Under-7,M
M,Lybia,Lybia,lowerlevel,G-04,A,French,F,Mum,47,69,29,23,No,Good,Under-7,M
M,SaudiArabia,SaudiArabia,MiddleSchool,G-07,C,Geology,S,Mum,24,0,37,21,No,Bad,Above-7,L
F,Palestine,Palestine,MiddleSchool,G-06,C,Geology,S,Father,31,77,47,16,Yes,Good,Under-7,M
M,Palestine,Palestine,HighSchool,G-12,A,History,F,Mum,21,0,0,0,No,Bad,Above-7,L
M,KW,KW,MiddleSchool,G-06,A,IT,F,Father,69,83,43,40,Yes,Good,Under-7,M
F,KW,KW,lowerlevel,G-04,A,French,F,Father,45,39,56,52,Yes,Good,Under-7,M
M,KW,KW,MiddleSchool,G-07,B,French,S,Father,91,100,87,58,Yes,Good,Under-7,H
M,Jordan,Jordan,MiddleSchool,G-07,A,Chemistry,S,Father,26,14,13,10,No,Bad,Above-7,L
M,KW,KW,lowerlevel,G-05,B,IT,S,Mum,59,96,67,100,Yes,Good,Under-7,H
M,Iraq,Iraq,lowerlevel,G-05,B,English,F,Father,34,66,35,3,No,Good,Under-7,M
F,USA,USA,MiddleSchool,G-06,A,Spanish,S,Mum,44,100,58,39,No,Good,Under-7,M
F,Egypt,Egypt,lowerlevel,G-02,A,History,S,Father,65,64,15,35,No,Good,Under-7,M
M,Jordan,Jordan,MiddleSchool,G-07,A,Quran,S,Father,23,66,36,12,No,Good,Under-7,M
M,Jordan,Jordan,MiddleSchool,G-06,B,Biology,S,Father,37,38,23,21,No,Bad,Above-7,L
F,KW,KW,MiddleSchool,G-07,B,French,F,Father,64,55,41,38,No,Good,Under-7,M
F,KW,KW,lowerlevel,G-02,A,Arabic,S,Mum,95,81,46,55,Yes,Good,Under-7,H
F,KW,KW,lowerlevel,G-04,C,History,F,Father,74,74,46,58,Yes,Good,Under-7,H
F,venzuela,venzuela,MiddleSchool,G-08,C,Spanish,S,Mum,47,69,56,62,Yes,Good,Under-7,M
F,Jordan,Jordan,lowerlevel,G-04,B,Chemistry,S,Father,54,76,43,46,Yes,Good,Under-7,H
M,KW,KW,lowerlevel,G-05,A,Quran,S,Mum,12,27,8,22,No,Bad,Above-7,L
F,KW,KW,MiddleSchool,G-08,C,Arabic,F,Father,13,33,28,40,No,Bad,Above-7,L
M,Jordan,Jordan,MiddleSchool,G-06,B,French,F,Father,81,88,93,63,Yes,Good,Under-7,H
M,KW,KW,lowerlevel,G-02,A,French,S,Father,43,82,22,36,Yes,Good,Under-7,M
M,Jordan,Jordan,MiddleSchool,G-07,B,History,F,Father,87,99,100,48,Yes,Good,Under-7,H
F,Jordan,Jordan,MiddleSchool,G-08,A,Chemistry,F,Mum,68,77,68,58,Yes,Good,Under-7,H
M,KW,KW,MiddleSchool,G-07,C,English,S,Mum,49,36,29,21,No,Bad,Above-7,L
M,Jordan,Jordan,lowerlevel,G-02,A,History,S,Father,84,100,40,43,Yes,Good,Under-7,H
M,KW,KW,MiddleSchool,G-06,C,Arabic,S,Father,67,100,81,42,Yes,Good,Under-7,H
F,Jordan,Jordan,MiddleSchool,G-08,A,IT,F,Mum,26,0,29,4,No,Bad,Above-7,L
F,Tunis,Tunis,lowerlevel,G-05,A,Math,S,Father,60,74,83,85,Yes,Good,Under-7,H
F,KW,KW,HighSchool,G-10,A,Spanish,F,Mum,39,46,34,28,No,Good,Under-7,M
F,KW,KW,MiddleSchool,G-06,B,Quran,F,Father,66,85,60,13,Yes,Good,Under-7,M
M,Jordan,Jordan,MiddleSchool,G-06,B,Chemistry,F,Father,55,32,42,60,No,Good,Under-7,M
M,Jordan,Jordan,MiddleSchool,G-08,B,Arabic,S,Father,32,3,30,21,No,Bad,Above-7,L
F,Jordan,Jordan,lowerlevel,G-02,C,English,F,Mum,25,48,41,47,No,Good,Under-7,M
M,KW,KW,MiddleSchool,G-08,B,Geology,F,Father,70,100,45,42,Yes,Good,Under-7,H
M,Syria,Syria,lowerlevel,G-02,A,Geology,F,Mum,93,71,79,42,Yes,Good,Under-7,H
M,KW,KW,MiddleSchool,G-06,C,Biology,S,Mum,55,62,59,45,Yes,Good,Under-7,M
M,Jordan,Jordan,lowerlevel,G-04,B,English,F,Father,88,64,50,50,Yes,Good,Under-7,H
M,Jordan,Jordan,lowerlevel,G-04,A,English,F,Mum,11,9,40,44,No,Bad,Above-7,L
M,Morocco,Morocco,lowerlevel,G-04,C,Science,F,Mum,59,62,39,45,No,Good,Under-7,M
F,Jordan,Jordan,lowerlevel,G-05,C,Quran,S,Mum,0,12,20,37,No,Bad,Above-7,L
M,Iran,Iran,MiddleSchool,G-06,B,Chemistry,S,Father,69,46,54,72,Yes,Good,Under-7,M
F,KW,KW,MiddleSchool,G-07,A,Chemistry,F,Mum,57,56,40,29,No,Good,Under-7,M
F,Tunis,Tunis,MiddleSchool,G-07,A,Quran,S,Father,9,1,5,8,No,Bad,Above-7,L
F,Tunis,Tunis,lowerlevel,G-05,A,Arabic,S,Father,23,27,0,4,No,Bad,Above-7,L
F,Jordan,Jordan,MiddleSchool,G-06,C,Math,F,Mum,0,23,53,37,No,Bad,Above-7,L
M,KW,KW,MiddleSchool,G-08,C,French,F,Mum,13,37,0,15,No,Bad,Above-7,L
F,KW,KW,lowerlevel,G-05,C,Chemistry,F,Father,2,26,0,28,No,Bad,Above-7,L
M,SaudiArabia,SaudiArabia,MiddleSchool,G-06,B,Math,F,Father,33,100,26,48,No,Good,Under-7,M
M,Jordan,Jordan,lowerlevel,G-02,B,French,S,Father,52,54,21,51,Yes,Good,Under-7,M
F,KW,KW,lowerlevel,G-05,A,French,F,Father,39,0,0,16,No,Bad,Above-7,L
F,Morocco,Morocco,MiddleSchool,G-07,A,Quran,S,Mum,31,51,36,69,No,Good,Under-7,M
F,Jordan,Jordan,lowerlevel,G-04,C,Chemistry,S,Mum,59,67,73,89,Yes,Good,Under-7,H
F,KW,KW,MiddleSchool,G-07,C,Chemistry,S,Father,91,70,75,47,Yes,Good,Under-7,H
M,lebanon,lebanon,HighSchool,G-09,C,Geology,F,Father,89,89,52,50,Yes,Good,Under-7,H
F,Morocco,Morocco,lowerlevel,G-05,C,English,S,Mum,23,0,0,24,No,Bad,Above-7,L
F,Jordan,Jordan,lowerlevel,G-02,B,Chemistry,F,Father,67,56,69,42,Yes,Good,Under-7,H
F,USA,USA,MiddleSchool,G-08,C,English,S,Mum,37,39,0,23,No,Bad,Above-7,L
F,KW,KW,MiddleSchool,G-06,B,Biology,F,Father,2,32,41,14,No,Bad,Above-7,L
M,USA,USA,MiddleSchool,G-07,A,Spanish,F,Father,42,0,2,32,No,Bad,Above-7,L
M,KW,KW,lowerlevel,G-02,A,Science,F,Father,44,35,47,58,Yes,Good,Under-7,M
F,Jordan,Jordan,lowerlevel,G-05,A,Arabic,F,Father,65,71,69,54,Yes,Good,Under-7,H
M,KW,KW,MiddleSchool,G-08,B,History,F,Father,33,0,7,21,No,Bad,Above-7,L
M,lebanon,lebanon,lowerlevel,G-05,C,English,F,Mum,20,37,9,0,No,Bad,Above-7,L
M,Jordan,Jordan,HighSchool,G-12,C,History,F,Father,41,85,53,33,Yes,Good,Under-7,M
